{
	"$schema": "https://json-schema.org/draft/2020-12/schema",
	"$id": "http://example.org/json/schema-5.json",
	"$definitions": {
		"Code": {
			"type": "string",
			"pattern": "^[a-zA-Z0-9]+$"
		},
		"langString": {
			"type": "object",
			"patternProperties": {
				".*": {
					"anyOf": [
						{"type": "string"},
						{
							"type": "array",
							"items": {"type": "string"},
							"uniqueItems": true
						}
					]
				}
			},
			"minProperties": 1
		},
		"AcademicalYear": {
			"type": "string",
			"pattern": "^\\d{4}[/]\\d{4}$", 
			"minLength": 9,
			"maxLength": 9
		},
		"Lesson": {
			"type":"object",
			"properties": {
				"@id": {
					"type": "string",
					"format": "iri",
					"pattern": "^http\\://example\\.org/data/lessons/.+$"
				},
				"LessonCode": {"$ref": "#/$definitions/Code"},
					"ZoomURI": {
					"type": "string",
					"format": "iri"
				}
			},
			"required": ["@id", "LessonCode", "ZoomURI"]
		},
		"Student": {
			"type":"object",
			"properties": {
				"@id": {
					"type": "string",
					"format": "iri",
					"pattern": "^http\\://example\\.org/data/students/.+$"
				},
				"Name": {"$ref": "#/$definitions/langString"},
				"StudentCode": {"$ref": "#/$definitions/Code"},
				"Nickname": {"$ref": "#/$definitions/langString"}
			},
			"required": ["@id", "Name", "StudentCode"]
		},
		"Class": {
			"type":"object",
			"properties": {
				"@id": {
					"type": "string",
					"format": "iri",
					"pattern": "^http\\://example\\.org/data/classes/.+$"
				},
				"ClassYear": {"type": "integer"},
				"ClassCode": {"$ref": "#/$definitions/Code"},
				"BelongsTo": {
					"type": "array",
					"items": {"$ref": "#/$definitions/Student"},
					"uniqueItems": true
				}
			},
			"required": ["@id", "ClassYear", "ClassCode"]
		},
		"Timetable": {
			"type": "object",
			"properties": {
				"@id": {
					"type": "string",
					"format": "iri",
					"pattern": "^http\\://example\\.org/data/timetables/.+$"
				},
				"AcademicalYear": {"$ref": "#/$definitions/AcademicalYear"},
				"TimetableVersion": {"type": "number"},
				"PlannedLesson": {
					"type": "object",
					"properties": {
						"Lesson": {
							"type": "array",
							"items": {"$ref": "#/$definitions/Lesson"},
							"uniqueItems": true
						}
					},
					"required": ["Lesson"]
				},
				"BelongingClass": {
					"type": "object",
					"properties": {
						"Class": {"$ref": "#/$definitions/Class"}
					},
					"required": ["Class"]
				}
			},
			"required": ["@id", "AcademicalYear", "TimetableVersion", "BelongingClass"]
		}
	},
	"title":"Timetables",
	"description": "description",
	"type": "object",
	"properties": {
		"Timetables": {
			"type": "array",
			"items": {"$ref": "#/$definitions/Timetable"},
			"uniqueItems": true
		}
	},
	"required": ["Timetables"]
}