{
	"$schema": "https://json-schema.org/draft/2020-12/schema",
	"$id": "http://example.org/json/schema-4.json",
	"$definitions": {
		"Code": {
			"type": "string",
			"pattern": "^[a-zA-Z0-9]+$"
		},
		"langString": {
			"type": "object",
			"patternProperties": {
				".*": {"type": "string"}
			},
			"minProperties": 1
		},
		"Subject": {
			"type":"object",
			"properties": {
				"@id": {
					"type": "string",
					"format": "iri",
					"pattern": "^http\\://example\\.org/data/subjects/.+$"
				},
				"SubjectCode": {"$ref": "#/$definitions/Code"},
				"Name": {"$ref": "#/$definitions/langString"}
			},
			"required": ["@id", "SubjectCode", "Name"]
		},
		"Class": {
			"type":"object",
			"properties": {
				"@id": {
					"type": "string",
					"format": "iri",
					"pattern": "^http\\://example\\.org/data/classes/.+$"
				},
				"ClassYear": {"type": "integer"},
				"ClassCode": {"$ref": "#/$definitions/Code"}
			},
			"required": ["@id", "ClassYear", "ClassCode"]
		},
		"Teacher": {
			"type": "object",
			"properties": {
				"@id": {
					"type": "string",
					"format": "iri",
					"pattern": "^http\\://example\\.org/data/teachers/.+$"
				},
				"TeacherCode": {"$ref": "#/$definitions/Code"},
				"Name": {"$ref": "#/$definitions/langString"},
				"Experience": {"type": "integer"},
				"Teaches": {
					"type": "object",
					"properties": {
						"Subject": {
							"type": "array",
							"items": {"$ref": "#/$definitions/Subject"},
							"uniqueItems": true
						}
					},
					"required": ["Subject"]
				},
				"ClassTeacher": {"$ref": "#/$definitions/Class"}
			},
			"required": ["@id", "TeacherCode", "Name", "Experience"]
		}
	},
	"title": "TODO",
	"description": "TODO",
	"type": "object",
	"properties": {
		"Teachers": {
			"type": "array",
			"items": {"$ref": "#/$definitions/Teacher"},
			"uniqueItems": true
		}
	},
	"required": ["Teachers"]
}