<?xml version="1.0" encoding="utf-8"?>
<Classrooms
	xmlns:xsi="http://www.w3.org/2001/XMLSchema-instance"
	xsi:noNamespaceSchemaLocation="../schemas/schema-2.xsd"
>
	<Classroom ID="http://example.org/data/classrooms/S7">
		<Code>S7</Code>
		<ClassroomCapacity>28</ClassroomCapacity>
		<TakesPlace>
			<Lesson ID="http://example.org/data/lessons/MO0800S7">
				<ZoomURI>https://zoom.com/MO0800S7</ZoomURI>
				<Code>MO0800S7</Code>
			</Lesson>
			<Lesson ID="http://example.org/data/lessons/TH0855S7">
				<ZoomURI>https://zoom.com/TH0855S7</ZoomURI>
				<Code>TH0855S7</Code>
			</Lesson>
		</TakesPlace>
	</Classroom>
	
	<Classroom ID="http://example.org/data/classrooms/S6">
		<Code>S6</Code>
		<ClassroomCapacity>30</ClassroomCapacity>
		<TakesPlace>
			<Lesson ID="http://example.org/data/lessons/TH0855S6">
				<ZoomURI>https://zoom.com/TH0855S6</ZoomURI>
				<Code>TH0855S6</Code>
			</Lesson>
			<Lesson ID="http://example.org/data/lessons/FR1000S6">
				<ZoomURI>https://zoom.com/FR1000S6</ZoomURI>
				<Code>FR1000S6</Code>
			</Lesson>
		</TakesPlace>
	</Classroom>
	
	<Classroom ID="http://example.org/data/classrooms/S9">
		<Code>S9</Code>
		<ClassroomCapacity>30</ClassroomCapacity>
		<TakesPlace>
			<Lesson ID="http://example.org/data/lessons/FR1000S9">
				<ZoomURI>https://zoom.com/FR1000S9</ZoomURI>
				<Code>FR1000S9</Code>
			</Lesson>
		</TakesPlace>
	</Classroom>
</Classrooms>