<?xml version="1.0" encoding="utf-8"?>
<Teachers xmlns:xsi="http://www.w3.org/2001/XMLSchema-instance" xsi:noNamespaceSchemaLocation="../schemas/schema-4.xsd">
	<Teacher ID="http://example.org/data/teachers/muk">
		<TeacherCode>muk</TeacherCode>
		<Name xml:lang="cs">Vladimír Mukvald</Name>
		<Experience>5</Experience>
		<Subjects>
			<Subject ID="http://example.org/data/subjects/Math">
				<SubjectCode>mt</SubjectCode>
				<Name xml:lang="cs">Matematika</Name>
			</Subject>
		</Subjects>
		<ClassTeacher>
			<Class ID="http://example.org/data/classes/6A">
				<ClassYear>6</ClassYear>
				<ClassCode>A</ClassCode>
			</Class>
		</ClassTeacher>
	</Teacher>
	<Teacher ID="http://example.org/data/teachers/pel">
		<TeacherCode>pel</TeacherCode>
		<Name xml:lang="cs">Jaroslav Pelikán</Name>
		<Experience>3</Experience>
		<Subjects>
			<Subject ID="http://example.org/data/subjects/Math">
				<SubjectCode>mt</SubjectCode>
				<Name xml:lang="cs">Matematika</Name>
			</Subject>
			<Subject ID="http://example.org/data/subjects/Physics">
				<SubjectCode>ps</SubjectCode>
				<Name xml:lang="cs">Fyzika</Name>
			</Subject>
		</Subjects>
		<ClassTeacher>
			<Class ID="http://example.org/data/classes/6B">
				<ClassYear>6</ClassYear>
				<ClassCode>B</ClassCode>
			</Class>
		</ClassTeacher>
	</Teacher>
	<Teacher ID="http://example.org/data/teachers/svo">
		<TeacherCode>svo</TeacherCode>
		<Name xml:lang="cs">Patrik Svoboda</Name>
		<Experience>2</Experience>
		<Subjects>
			<Subject ID="http://example.org/data/subjects/English">
				<SubjectCode>en</SubjectCode>
				<Name xml:lang="cs">Angličtina</Name>
			</Subject>
		</Subjects>
		<ClassTeacher>
			<Class ID="http://example.org/data/classes/4C">
				<ClassYear>4</ClassYear>
				<ClassCode>C</ClassCode>
			</Class>
		</ClassTeacher>
	</Teacher>
</Teachers>